0;1;2;3;4;5;6;7;8;9;10;11;12;13;14
year;category;sequence;shortname;circuit_name;rider_name;rider_surname;team_name;bike_name;position;points;number;country;speed;time
2020;MotoGP;2;SPA;Jerez;Quartararo; Fabio;Petronas Yamaha SRT;Yamaha;1;25;20;FR;160.2;00:41:23
2020;MotoGP;2;SPA;Jerez;Viñales; Maverick;Monster Energy Yamaha MotoGP;Yamaha;2;20;12;ES;159.9;00:41:27
2020;MotoGP;2;SPA;Jerez;Dovizioso; Andrea;Ducati Team;Ducati;3;16;4;IT;159.8;00:41:31
2020;MotoGP;2;SPA;Jerez;Miller; Jack;Pramac Racing;Ducati;4;13;43;AU;159.8;00:41:35
2020;MotoGP;2;SPA;Jerez;Morbidelli; Franco;Petronas Yamaha SRT;Yamaha;5;11;21;IT;159.8;00:41:39
2020;MotoGP;2;SPA;Jerez;Espargaro; Pol;Red Bull KTM Factory Racing;KTM;6;10;44;ES;159.8;00:41:43
2020;MotoGP;2;SPA;Jerez;Bagnaia; Francesco;Pramac Racing;Ducati;7;9;63;IT;159.4;00:41:47
2020;MotoGP;2;SPA;Jerez;Oliveira; Miguel;Red Bull KTM Tech 3;KTM;8;8;88;PT;159.4;00:41:51
2020;MotoGP;2;SPA;Jerez;Petrucci; Danilo;Ducati Team;Ducati;9;7;9;IT;159.0;00:41:55
2020;MotoGP;2;SPA;Jerez;Nakagami; Takaaki;LCR Honda IDEMITSU;Honda;10;6;30;JP;158.8;00:41:59
2020;MotoGP;2;SPA;Jerez;Zarco; Johann;Hublot Reale Avintia Racing;Ducati;11;5;5;FR;158.6;00:42:03
2020;MotoGP;2;SPA;Jerez;Marquez; Alex;Repsol Honda Team;Honda;12;4;73;ES;158.5;00:42:07
2020;MotoGP;2;SPA;Jerez;Binder; Brad;Red Bull KTM Factory Racing;KTM;13;3;33;ZA;158.3;00:42:11
2020;MotoGP;2;SPA;Jerez;Rabat; Tito;Hublot Reale Avintia Racing;Ducati;14;2;53;ES;158.1;00:42:15
2020;MotoGP;2;SPA;Jerez;Smith; Bradley;Aprilia Racing Team Gresini;Aprilia;15;1;38;GB;157.7;00:42:19
2020;MotoGP;2;SPA;Jerez;Marquez; Marc;Repsol Honda Team;Honda;-1;0;93;ES;160.0;00:42:23
2020;MotoGP;2;SPA;Jerez;Lecuona; Iker;Red Bull KTM Tech 3;KTM;-1;0;27;ES;159.0;00:42:27
2020;MotoGP;2;SPA;Jerez;Rossi; Valentino;Monster Energy Yamaha MotoGP;Yamaha;-1;0;46;IT;159.1;00:42:31
2020;MotoGP;2;SPA;Jerez;Espargaro; Aleix;Aprilia Racing Team Gresini;Aprilia;-1;0;41;ES;153.0;00:42:35
2020;MotoGP;2;SPA;Jerez;Mir; Joan;Team SUZUKI ECSTAR;Suzuki;-1;0;36;ES;147.7;00:42:39
2020;MotoGP;3;ANC;Jerez;Quartararo; Fabio;Petronas Yamaha SRT;Yamaha;1;25;20;FR;160.3;00:42:43
2020;MotoGP;3;ANC;Jerez;Viñales; Maverick;Monster Energy Yamaha MotoGP;Yamaha;2;20;12;ES;160.0;00:42:47
2020;MotoGP;3;ANC;Jerez;Rossi; Valentino;Monster Energy Yamaha MotoGP;Yamaha;3;16;46;IT;159.9;00:42:51
2020;MotoGP;3;ANC;Jerez;Nakagami; Takaaki;LCR Honda IDEMITSU;Honda;4;13;30;JP;159.9;00:42:55
2020;MotoGP;3;ANC;Jerez;Mir; Joan;Team SUZUKI ECSTAR;Suzuki;5;11;36;ES;159.8;00:42:59
2020;MotoGP;3;ANC;Jerez;Dovizioso; Andrea;Ducati Team;Ducati;6;10;4;IT;159.5;00:43:03
2020;MotoGP;3;ANC;Jerez;Espargaro; Pol;Red Bull KTM Factory Racing;KTM;7;9;44;ES;159.2;00:43:07
2020;MotoGP;3;ANC;Jerez;Marquez; Alex;Repsol Honda Team;Honda;8;8;73;ES;159.0;00:43:11
2020;MotoGP;3;ANC;Jerez;Zarco; Johann;Hublot Reale Avintia;Ducati;9;7;5;FR;158.8;00:43:15
2020;MotoGP;3;ANC;Jerez;Rins; Alex;Team SUZUKI ECSTAR;Suzuki;10;6;42;ES;158.6;00:43:19
2020;MotoGP;3;ANC;Jerez;Rabat; Tito;Hublot Reale Avintia;Ducati;11;5;53;ES;158.1;00:43:23
2020;MotoGP;3;ANC;Jerez;Smith; Bradley;Aprilia Racing Team Gresini;Aprilia;12;4;38;GB;158.0;00:43:27
2020;MotoGP;3;ANC;Jerez;Crutchlow; Cal;LCR Honda CASTROL;Honda;13;3;35;GB;151.1;00:43:31
2020;MotoGP;3;ANC;Jerez;Bagnaia; Francesco;Pramac Racing;Ducati;-1;0;63;IT;160.1;00:43:35
2020;MotoGP;3;ANC;Jerez;Morbidelli; Franco;Petronas Yamaha SRT;Yamaha;-1;0;21;IT;159.9;00:43:39
2020;MotoGP;3;ANC;Jerez;Binder; Brad;Red Bull KTM Factory Racing;KTM;-1;0;33;ZA;158.1;00:43:43
2020;MotoGP;3;ANC;Jerez;Petrucci; Danilo;Ducati Team;Ducati;-1;0;9;IT;159.2;00:43:47
2020;MotoGP;3;ANC;Jerez;Miller; Jack;Pramac Racing;Ducati;-1;0;43;AU;159.6;00:43:51
2020;MotoGP;3;ANC;Jerez;Espargaro; Aleix;Aprilia Racing Team Gresini;Aprilia;-1;0;41;ES;158.5;00:43:55
2020;MotoGP;3;ANC;Jerez;Lecuona; Iker;Red Bull KTM Tech 3;KTM;-1;0;27;ES;156.7;00:43:59
2020;MotoGP;3;ANC;Jerez;Oliveira; Miguel;Red Bull KTM Tech 3;KTM;-4;0;88;PT;;00:44:03
2020;MotoGP;4;CZE;Brno;Binder; Brad;Red Bull KTM Factory Racing;KTM;1;25;33;ZA;163.4;00:44:07
2020;MotoGP;4;CZE;Brno;Morbidelli; Franco;Petronas Yamaha SRT;Yamaha;2;20;21;IT;163.1;00:44:11
2020;MotoGP;4;CZE;Brno;Zarco; Johann;Esponsorama Racing;Ducati;3;16;5;FR;163.0;00:44:15
2020;MotoGP;4;CZE;Brno;Rins; Alex;Team SUZUKI ECSTAR;Suzuki;4;13;42;ES;163.0;00:44:19
2020;MotoGP;4;CZE;Brno;Rossi; Valentino;Monster Energy Yamaha MotoGP;Yamaha;5;11;46;IT;162.9;00:44:23
2020;MotoGP;4;CZE;Brno;Oliveira; Miguel;Red Bull KTM Tech 3;KTM;6;10;88;PT;162.9;00:44:27
2020;MotoGP;4;CZE;Brno;Quartararo; Fabio;Petronas Yamaha SRT;Yamaha;7;9;20;FR;162.6;00:44:31
2020;MotoGP;4;CZE;Brno;Nakagami; Takaaki;LCR Honda IDEMITSU;Honda;8;8;30;JP;162.6;00:44:35
2020;MotoGP;4;CZE;Brno;Miller; Jack;Pramac Racing;Ducati;9;7;43;AU;162.4;00:44:39
2020;MotoGP;4;CZE;Brno;Espargaro; Aleix;Aprilia Racing Team Gresini;Aprilia;10;6;41;ES;162.4;00:44:43
2020;MotoGP;4;CZE;Brno;Dovizioso; Andrea;Ducati Team;Ducati;11;5;4;IT;162.3;00:44:47
2020;MotoGP;4;CZE;Brno;Petrucci; Danilo;Ducati Team;Ducati;12;4;9;IT;162.2;00:44:51
2020;MotoGP;4;CZE;Brno;Crutchlow; Cal;LCR Honda CASTROL;Honda;13;3;35;GB;162.2;00:44:55
2020;MotoGP;4;CZE;Brno;Viñales; Maverick;Monster Energy Yamaha MotoGP;Yamaha;14;2;12;ES;162.1;00:44:59
2020;MotoGP;4;CZE;Brno;Marquez; Alex;Repsol Honda Team;Honda;15;1;73;ES;161.8;00:45:03
2020;MotoGP;4;CZE;Brno;Rabat; Tito;Esponsorama Racing;Ducati;16;0;53;ES;161.5;00:45:07
2020;MotoGP;4;CZE;Brno;Smith; Bradley;Aprilia Racing Team Gresini;Aprilia;17;0;38;GB;161.3;00:45:11
2020;MotoGP;4;CZE;Brno;Bradl; Stefan;Repsol Honda Team;Honda;18;0;6;DE;159.8;00:45:15
2020;MotoGP;4;CZE;Brno;Espargaro; Pol;Red Bull KTM Factory Racing;KTM;-1;0;44;ES;163.5;00:45:19
2020;MotoGP;4;CZE;Brno;Mir; Joan;Team SUZUKI ECSTAR;Suzuki;-1;0;36;ES;160.2;00:45:23
2020;MotoGP;4;CZE;Brno;Lecuona; Iker;Red Bull KTM Tech 3;KTM;-1;0;27;ES;160.1;00:45:27
2020;MotoGP;5;AUT;Spielberg;Dovizioso; Andrea;Ducati Team;Ducati;1;25;4;IT;182.7;00:45:31
2020;MotoGP;5;AUT;Spielberg;Mir; Joan;Team SUZUKI ECSTAR;Suzuki;2;20;36;ES;182.6;00:45:35
2020;MotoGP;5;AUT;Spielberg;Miller; Jack;Pramac Racing;Ducati;3;16;43;AU;182.6;00:45:39
2020;MotoGP;5;AUT;Spielberg;Binder; Brad;Red Bull KTM Factory Racing;KTM;4;13;33;ZA;182.1;00:45:43
2020;MotoGP;5;AUT;Spielberg;Rossi; Valentino;Monster Energy Yamaha MotoGP;Yamaha;5;11;46;IT;182.1;00:45:47
2020;MotoGP;5;AUT;Spielberg;Nakagami; Takaaki;LCR Honda IDEMITSU;Honda;6;10;30;JP;182.1;00:45:51
2020;MotoGP;5;AUT;Spielberg;Petrucci; Danilo;Ducati Team;Ducati;7;9;9;IT;181.4;00:45:55
2020;MotoGP;5;AUT;Spielberg;Quartararo; Fabio;Petronas Yamaha SRT;Yamaha;8;8;20;FR;181.4;00:45:59
2020;MotoGP;5;AUT;Spielberg;Lecuona; Iker;Red Bull KTM Tech 3;KTM;9;7;27;ES;181.2;00:46:03
2020;MotoGP;5;AUT;Spielberg;Viñales; Maverick;Monster Energy Yamaha MotoGP;Yamaha;10;6;12;ES;181.1;00:46:07
2020;MotoGP;5;AUT;Spielberg;Espargaro; Aleix;Aprilia Racing Team Gresini;Aprilia;11;5;41;ES;180.8;00:46:11
2020;MotoGP;5;AUT;Spielberg;Pirro; Michele;Pramac Racing;Ducati;12;4;51;IT;180.3;00:46:15
2020;MotoGP;5;AUT;Spielberg;Smith; Bradley;Aprilia Racing Team Gresini;Aprilia;13;3;38;GB;180.1;00:46:19
2020;MotoGP;5;AUT;Spielberg;Marquez; Alex;Repsol Honda Team;Honda;14;2;73;ES;180.1;00:46:23
2020;MotoGP;5;AUT;Spielberg;Crutchlow; Cal;LCR Honda CASTROL;Honda;15;1;35;GB;179.8;00:46:27
2020;MotoGP;5;AUT;Spielberg;Rabat; Tito;Esponsorama Racing;Ducati;16;0;53;ES;179.7;00:46:31
2020;MotoGP;5;AUT;Spielberg;Bradl; Stefan;Repsol Honda Team;Honda;17;0;6;DE;179.7;00:46:35
2020;MotoGP;5;AUT;Spielberg;Rins; Alex;Team SUZUKI ECSTAR;Suzuki;-1;0;42;ES;182.6;00:46:39
2020;MotoGP;5;AUT;Spielberg;Espargaro; Pol;Red Bull KTM Factory Racing;KTM;-1;0;44;ES;182.1;00:46:43
2020;MotoGP;5;AUT;Spielberg;Oliveira; Miguel;Red Bull KTM Tech 3;KTM;-1;0;88;PT;182.1;00:46:47
2020;MotoGP;5;AUT;Spielberg;Morbidelli; Franco;Petronas Yamaha SRT;Yamaha;-1;0;21;IT;;00:46:51
2020;MotoGP;5;AUT;Spielberg;Zarco; Johann;Esponsorama Racing;Ducati;-1;0;5;FR;;00:46:55
2020;MotoGP;6;STY;Spielberg;Oliveira; Miguel;Red Bull KTM Tech 3;KTM;1;25;88;PT;183.5;00:46:59
2020;MotoGP;6;STY;Spielberg;Miller; Jack;Pramac Racing;Ducati;2;20;43;AU;183.5;00:47:03
2020;MotoGP;6;STY;Spielberg;Espargaro; Pol;Red Bull KTM Factory Racing;KTM;3;16;44;ES;183.4;00:47:07
2020;MotoGP;6;STY;Spielberg;Mir; Joan;Team SUZUKI ECSTAR;Suzuki;4;13;36;ES;183.4;00:47:11
2020;MotoGP;6;STY;Spielberg;Dovizioso; Andrea;Ducati Team;Ducati;5;11;4;IT;183.3;00:47:15
2020;MotoGP;6;STY;Spielberg;Rins; Alex;Team SUZUKI ECSTAR;Suzuki;6;10;42;ES;183.3;00:47:19
2020;MotoGP;6;STY;Spielberg;Nakagami; Takaaki;LCR Honda IDEMITSU;Honda;7;9;30;JP;183.2;00:47:23
2020;MotoGP;6;STY;Spielberg;Binder; Brad;Red Bull KTM Factory Racing;KTM;8;8;33;ZA;182.8;00:47:27
2020;MotoGP;6;STY;Spielberg;Rossi; Valentino;Monster Energy Yamaha MotoGP;Yamaha;9;7;46;IT;182.7;00:47:31
2020;MotoGP;6;STY;Spielberg;Lecuona; Iker;Red Bull KTM Tech 3;KTM;10;6;27;ES;182.6;00:47:35
2020;MotoGP;6;STY;Spielberg;Petrucci; Danilo;Ducati Team;Ducati;11;5;9;IT;182.5;00:47:39
2020;MotoGP;6;STY;Spielberg;Espargaro; Aleix;Aprilia Racing Team Gresini;Aprilia;12;4;41;ES;182.4;00:47:43
2020;MotoGP;6;STY;Spielberg;Quartararo; Fabio;Petronas Yamaha SRT;Yamaha;13;3;20;FR;182.2;00:47:47
2020;MotoGP;6;STY;Spielberg;Zarco; Johann;Esponsorama Racing;Ducati;14;2;5;FR;182.2;00:47:51
2020;MotoGP;6;STY;Spielberg;Morbidelli; Franco;Petronas Yamaha SRT;Yamaha;15;1;21;IT;181.7;00:47:55
2020;MotoGP;6;STY;Spielberg;Marquez; Alex;Repsol Honda Team;Honda;16;0;73;ES;181.7;00:47:59
2020;MotoGP;6;STY;Spielberg;Crutchlow; Cal;LCR Honda CASTROL;Honda;17;0;35;GB;181.5;00:48:03
2020;MotoGP;6;STY;Spielberg;Bradl; Stefan;Repsol Honda Team;Honda;18;0;6;DE;181.4;00:48:07
2020;MotoGP;6;STY;Spielberg;Smith; Bradley;Aprilia Racing Team Gresini;Aprilia;19;0;38;GB;181.3;00:48:11
2020;MotoGP;6;STY;Spielberg;Pirro; Michele;Pramac Racing;Ducati;20;0;51;IT;181.0;00:48:15
2020;MotoGP;6;STY;Spielberg;Rabat; Tito;Esponsorama Racing;Ducati;21;0;53;ES;181.0;00:48:19
2020;MotoGP;6;STY;Spielberg;Viñales; Maverick;Monster Energy Yamaha MotoGP;Yamaha;-5;0;12;ES;;00:48:23
2020;MotoGP;7;RSM;Misano;Morbidelli; Franco;Petronas Yamaha SRT;Yamaha;1;25;21;IT;162.8;00:48:27
2020;MotoGP;7;RSM;Misano;Bagnaia; Francesco;Pramac Racing;Ducati;2;20;63;IT;162.7;00:48:31
2020;MotoGP;7;RSM;Misano;Mir; Joan;Team SUZUKI ECSTAR;Suzuki;3;16;36;ES;162.7;00:48:35
2020;MotoGP;7;RSM;Misano;Rossi; Valentino;Monster Energy Yamaha MotoGP;Yamaha;4;13;46;IT;162.6;00:48:39
2020;MotoGP;7;RSM;Misano;Rins; Alex;Team SUZUKI ECSTAR;Suzuki;5;11;42;ES;162.5;00:48:43
2020;MotoGP;7;RSM;Misano;Viñales; Maverick;Monster Energy Yamaha MotoGP;Yamaha;6;10;12;ES;162.5;00:48:47
2020;MotoGP;7;RSM;Misano;Dovizioso; Andrea;Ducati Team;Ducati;7;9;4;IT;162.1;00:48:51
2020;MotoGP;7;RSM;Misano;Miller; Jack;Pramac Racing;Ducati;8;8;43;AU;162.1;00:48:55
2020;MotoGP;7;RSM;Misano;Nakagami; Takaaki;LCR Honda IDEMITSU;Honda;9;7;30;JP;162.1;00:48:59
2020;MotoGP;7;RSM;Misano;Espargaro; Pol;Red Bull KTM Factory Racing;KTM;10;6;44;ES;162.0;00:49:03
2020;MotoGP;7;RSM;Misano;Oliveira; Miguel;Red Bull KTM Tech 3;KTM;11;5;88;PT;162.0;00:49:07
2020;MotoGP;7;RSM;Misano;Binder; Brad;Red Bull KTM Factory Racing;KTM;12;4;33;ZA;162.0;00:49:11
2020;MotoGP;7;RSM;Misano;Espargaro; Aleix;Aprilia Racing Team Gresini;Aprilia;13;3;41;ES;161.8;00:49:15
2020;MotoGP;7;RSM;Misano;Lecuona; Iker;Red Bull KTM Tech 3;KTM;14;2;27;ES;161.5;00:49:19
2020;MotoGP;7;RSM;Misano;Zarco; Johann;Esponsorama Racing;Ducati;15;1;5;FR;161.5;00:49:23
2020;MotoGP;7;RSM;Misano;Petrucci; Danilo;Ducati Team;Ducati;16;0;9;IT;161.4;00:49:27
2020;MotoGP;7;RSM;Misano;Marquez; Alex;Repsol Honda Team;Honda;17;0;73;ES;161.4;00:49:31
2020;MotoGP;7;RSM;Misano;Bradl; Stefan;Repsol Honda Team;Honda;18;0;6;DE;160.4;00:49:35
2020;MotoGP;7;RSM;Misano;Smith; Bradley;Aprilia Racing Team Gresini;Aprilia;19;0;38;GB;157.9;00:49:39
2020;MotoGP;7;RSM;Misano;Rabat; Tito;Esponsorama Racing;Ducati;-1;0;53;ES;161.1;00:49:43
2020;MotoGP;7;RSM;Misano;Quartararo; Fabio;Petronas Yamaha SRT;Yamaha;-1;0;20;FR;150.7;00:49:47
2020;MotoGP;8;EMI;Misano;Viñales; Maverick;Monster Energy Yamaha MotoGP;Yamaha;1;25;12;ES;163.2;00:49:51
2020;MotoGP;8;EMI;Misano;Mir; Joan;Team SUZUKI ECSTAR;Suzuki;2;20;36;ES;163.1;00:49:55
2020;MotoGP;8;EMI;Misano;Espargaro; Pol;Red Bull KTM Factory Racing;KTM;3;16;44;ES;162.9;00:49:59
2020;MotoGP;8;EMI;Misano;Quartararo; Fabio;Petronas Yamaha SRT;Yamaha;4;13;20;FR;163.0;00:50:03
2020;MotoGP;8;EMI;Misano;Oliveira; Miguel;Red Bull KTM Tech 3;KTM;5;11;88;PT;162.7;00:50:07
2020;MotoGP;8;EMI;Misano;Nakagami; Takaaki;LCR Honda IDEMITSU;Honda;6;10;30;JP;162.5;00:50:11
2020;MotoGP;8;EMI;Misano;Marquez; Alex;Repsol Honda Team;Honda;7;9;73;ES;162.5;00:50:15
2020;MotoGP;8;EMI;Misano;Dovizioso; Andrea;Ducati Team;Ducati;8;8;4;IT;162.4;00:50:19
2020;MotoGP;8;EMI;Misano;Morbidelli; Franco;Petronas Yamaha SRT;Yamaha;9;7;21;IT;162.2;00:50:23
2020;MotoGP;8;EMI;Misano;Petrucci; Danilo;Ducati Team;Ducati;10;6;9;IT;162.1;00:50:27
2020;MotoGP;8;EMI;Misano;Zarco; Johann;Esponsorama Racing;Ducati;11;5;5;FR;161.7;00:50:31
2020;MotoGP;8;EMI;Misano;Rins; Alex;Team SUZUKI ECSTAR;Suzuki;12;4;42;ES;161.6;00:50:35
2020;MotoGP;8;EMI;Misano;Smith; Bradley;Aprilia Racing Team Gresini;Aprilia;13;3;38;GB;161.3;00:50:39
2020;MotoGP;8;EMI;Misano;Lecuona; Iker;Red Bull KTM Tech 3;KTM;-1;0;27;ES;162.7;00:50:43
2020;MotoGP;8;EMI;Misano;Bagnaia; Francesco;Pramac Racing;Ducati;-1;0;63;IT;163.6;00:50:47
2020;MotoGP;8;EMI;Misano;Rossi; Valentino;Monster Energy Yamaha MotoGP;Yamaha;-1;0;46;IT;159.6;00:50:51
2020;MotoGP;8;EMI;Misano;Rabat; Tito;Esponsorama Racing;Ducati;-1;0;53;ES;160.5;00:50:55
2020;MotoGP;8;EMI;Misano;Miller; Jack;Pramac Racing;Ducati;-1;0;43;AU;160.8;00:50:59
2020;MotoGP;8;EMI;Misano;Binder; Brad;Red Bull KTM Factory Racing;KTM;-1;0;33;ZA;147.1;00:51:03
2020;MotoGP;8;EMI;Misano;Espargaro; Aleix;Aprilia Racing Team Gresini;Aprilia;-4;0;41;ES;;00:51:07
2020;MotoGP;9;CAT;Catalunya;Quartararo; Fabio;Petronas Yamaha SRT;Yamaha;1;25;20;FR;164.3;00:51:11
2020;MotoGP;9;CAT;Catalunya;Mir; Joan;Team SUZUKI ECSTAR;Suzuki;2;20;36;ES;164.2;00:51:15
2020;MotoGP;9;CAT;Catalunya;Rins; Alex;Team SUZUKI ECSTAR;Suzuki;3;16;42;ES;164.1;00:51:19
2020;MotoGP;9;CAT;Catalunya;Morbidelli; Franco;Petronas Yamaha SRT;Yamaha;4;13;21;IT;164.1;00:51:23
2020;MotoGP;9;CAT;Catalunya;Miller; Jack;Pramac Racing;Ducati;5;11;43;AU;164.0;00:51:27
2020;MotoGP;9;CAT;Catalunya;Bagnaia; Francesco;Pramac Racing;Ducati;6;10;63;IT;164.0;00:51:31
2020;MotoGP;9;CAT;Catalunya;Nakagami; Takaaki;LCR Honda IDEMITSU;Honda;7;9;30;JP;164.0;00:51:35
2020;MotoGP;9;CAT;Catalunya;Petrucci; Danilo;Ducati Team;Ducati;8;8;9;IT;163.8;00:51:39
2020;MotoGP;9;CAT;Catalunya;Viñales; Maverick;Monster Energy Yamaha MotoGP;Yamaha;9;7;12;ES;163.3;00:51:43
2020;MotoGP;9;CAT;Catalunya;Crutchlow; Cal;LCR Honda CASTROL;Honda;10;6;35;GB;163.3;00:51:47
2020;MotoGP;9;CAT;Catalunya;Binder; Brad;Red Bull KTM Factory Racing;KTM;11;5;33;ZA;163.2;00:51:51
2020;MotoGP;9;CAT;Catalunya;Espargaro; Aleix;Aprilia Racing Team Gresini;Aprilia;12;4;41;ES;163.2;00:51:55
2020;MotoGP;9;CAT;Catalunya;Marquez; Alex;Repsol Honda Team;Honda;13;3;73;ES;163.1;00:51:59
2020;MotoGP;9;CAT;Catalunya;Lecuona; Iker;Red Bull KTM Tech 3;KTM;14;2;27;ES;162.4;00:52:03
2020;MotoGP;9;CAT;Catalunya;Rabat; Tito;Esponsorama Racing;Ducati;15;1;53;ES;162.4;00:52:07
2020;MotoGP;9;CAT;Catalunya;Smith; Bradley;Aprilia Racing Team Gresini;Aprilia;16;0;38;GB;162.3;00:52:11
2020;MotoGP;9;CAT;Catalunya;Bradl; Stefan;Repsol Honda Team;Honda;17;0;6;DE;162.1;00:52:15
2020;MotoGP;9;CAT;Catalunya;Oliveira; Miguel;Red Bull KTM Tech 3;KTM;-1;0;88;PT;163.9;00:52:19
2020;MotoGP;9;CAT;Catalunya;Rossi; Valentino;Monster Energy Yamaha MotoGP;Yamaha;-1;0;46;IT;165.0;00:52:23
2020;MotoGP;9;CAT;Catalunya;Espargaro; Pol;Red Bull KTM Factory Racing;KTM;-1;0;44;ES;164.1;00:52:27
2020;MotoGP;9;CAT;Catalunya;Zarco; Johann;Esponsorama Racing;Ducati;-4;0;5;FR;;00:52:31
2020;MotoGP;9;CAT;Catalunya;Dovizioso; Andrea;Ducati Team;Ducati;-4;0;4;IT;;00:52:35
2020;MotoGP;10;FRA;Le Mans;Petrucci; Danilo;Ducati Team;Ducati;1;25;9;IT;142.1;00:52:39
2020;MotoGP;10;FRA;Le Mans;Marquez; Alex;Repsol Honda Team;Honda;2;20;73;ES;142.1;00:52:43
2020;MotoGP;10;FRA;Le Mans;Espargaro; Pol;Red Bull KTM Factory Racing;KTM;3;16;44;ES;142.1;00:52:47
2020;MotoGP;10;FRA;Le Mans;Dovizioso; Andrea;Ducati Team;Ducati;4;13;4;IT;141.9;00:52:51
2020;MotoGP;10;FRA;Le Mans;Zarco; Johann;Esponsorama Racing;Ducati;5;11;5;FR;141.9;00:52:55
2020;MotoGP;10;FRA;Le Mans;Oliveira; Miguel;Red Bull KTM Tech 3;KTM;6;10;88;PT;141.9;00:52:59
2020;MotoGP;10;FRA;Le Mans;Nakagami; Takaaki;LCR Honda IDEMITSU;Honda;7;9;30;JP;141.8;00:53:03
2020;MotoGP;10;FRA;Le Mans;Bradl; Stefan;Repsol Honda Team;Honda;8;8;6;DE;141.3;00:53:07
2020;MotoGP;10;FRA;Le Mans;Quartararo; Fabio;Petronas Yamaha SRT;Yamaha;9;7;20;FR;141.3;00:53:11
2020;MotoGP;10;FRA;Le Mans;Viñales; Maverick;Monster Energy Yamaha MotoGP;Yamaha;10;6;12;ES;141.3;00:53:15
2020;MotoGP;10;FRA;Le Mans;Mir; Joan;Team SUZUKI ECSTAR;Suzuki;11;5;36;ES;141.3;00:53:19
2020;MotoGP;10;FRA;Le Mans;Binder; Brad;Red Bull KTM Factory Racing;KTM;12;4;33;ZA;140.8;00:53:23
2020;MotoGP;10;FRA;Le Mans;Bagnaia; Francesco;Pramac Racing;Ducati;13;3;63;IT;140.4;00:53:27
2020;MotoGP;10;FRA;Le Mans;Espargaro; Aleix;Aprilia Racing Team Gresini;Aprilia;14;2;41;ES;140.2;00:53:31
2020;MotoGP;10;FRA;Le Mans;Lecuona; Iker;Red Bull KTM Tech 3;KTM;15;1;27;ES;139.6;00:53:35
2020;MotoGP;10;FRA;Le Mans;Rins; Alex;Team SUZUKI ECSTAR;Suzuki;-5;0;42;ES;138.4;00:53:39
2020;MotoGP;10;FRA;Le Mans;Miller; Jack;Pramac Racing;Ducati;-1;0;43;AU;139.9;00:53:43
2020;MotoGP;10;FRA;Le Mans;Morbidelli; Franco;Petronas Yamaha SRT;Yamaha;-1;0;21;IT;136.7;00:53:47
2020;MotoGP;10;FRA;Le Mans;Crutchlow; Cal;LCR Honda CASTROL;Honda;-1;0;35;GB;141.0;00:53:51
2020;MotoGP;10;FRA;Le Mans;Rabat; Tito;Esponsorama Racing;Ducati;-1;0;53;ES;133.5;00:53:55
2020;MotoGP;10;FRA;Le Mans;Smith; Bradley;Aprilia Racing Team Gresini;Aprilia;-1;0;38;GB;138.4;00:53:59
2020;MotoGP;10;FRA;Le Mans;Rossi; Valentino;Monster Energy Yamaha MotoGP;Yamaha;-4;0;46;IT;;00:54:03
2020;MotoGP;11;ARA;Aragón;Rins; Alex;Team SUZUKI ECSTAR;Suzuki;1;25;42;ES;167.1;00:54:07
2020;MotoGP;11;ARA;Aragón;Marquez; Alex;Repsol Honda Team;Honda;2;20;73;ES;167.1;00:54:11
2020;MotoGP;11;ARA;Aragón;Mir; Joan;Team SUZUKI ECSTAR;Suzuki;3;16;36;ES;167.0;00:54:15
2020;MotoGP;11;ARA;Aragón;Viñales; Maverick;Monster Energy Yamaha MotoGP;Yamaha;4;13;12;ES;166.9;00:54:19
2020;MotoGP;11;ARA;Aragón;Nakagami; Takaaki;LCR Honda IDEMITSU;Honda;5;11;30;JP;166.8;00:54:23
2020;MotoGP;11;ARA;Aragón;Morbidelli; Franco;Petronas Yamaha SRT;Yamaha;6;10;21;IT;166.8;00:54:27
2020;MotoGP;11;ARA;Aragón;Dovizioso; Andrea;Ducati Team;Ducati;7;9;4;IT;166.6;00:54:31
2020;MotoGP;11;ARA;Aragón;Crutchlow; Cal;LCR Honda CASTROL;Honda;8;8;35;GB;166.5;00:54:35
2020;MotoGP;11;ARA;Aragón;Miller; Jack;Pramac Racing;Ducati;9;7;43;AU;166.5;00:54:39
2020;MotoGP;11;ARA;Aragón;Zarco; Johann;Esponsorama Racing;Ducati;10;6;5;FR;166.5;00:54:43
2020;MotoGP;11;ARA;Aragón;Binder; Brad;Red Bull KTM Factory Racing;KTM;11;5;33;ZA;166.3;00:54:47
2020;MotoGP;11;ARA;Aragón;Espargaro; Pol;Red Bull KTM Factory Racing;KTM;12;4;44;ES;166.2;00:54:51
2020;MotoGP;11;ARA;Aragón;Espargaro; Aleix;Aprilia Racing Team Gresini;Aprilia;13;3;41;ES;166.2;00:54:55
2020;MotoGP;11;ARA;Aragón;Lecuona; Iker;Red Bull KTM Tech 3;KTM;14;2;27;ES;166.1;00:54:59
2020;MotoGP;11;ARA;Aragón;Petrucci; Danilo;Ducati Team;Ducati;15;1;9;IT;166.1;00:55:03
2020;MotoGP;11;ARA;Aragón;Oliveira; Miguel;Red Bull KTM Tech 3;KTM;16;0;88;PT;165.9;00:55:07
2020;MotoGP;11;ARA;Aragón;Bradl; Stefan;Repsol Honda Team;Honda;17;0;6;DE;165.8;00:55:11
2020;MotoGP;11;ARA;Aragón;Quartararo; Fabio;Petronas Yamaha SRT;Yamaha;18;0;20;FR;165.7;00:55:15
2020;MotoGP;11;ARA;Aragón;Smith; Bradley;Aprilia Racing Team Gresini;Aprilia;19;0;38;GB;165.5;00:55:19
2020;MotoGP;11;ARA;Aragón;Rabat; Tito;Esponsorama Racing;Ducati;20;0;53;ES;165.5;00:55:23
2020;MotoGP;11;ARA;Aragón;Bagnaia; Francesco;Pramac Racing;Ducati;-1;0;63;IT;162.0;00:55:27
2020;MotoGP;12;TER;Aragón;Morbidelli; Franco;Petronas Yamaha SRT;Yamaha;1;25;21;IT;167.6;00:55:31
2020;MotoGP;12;TER;Aragón;Rins; Alex;Team SUZUKI ECSTAR;Suzuki;2;20;42;ES;167.4;00:55:35
2020;MotoGP;12;TER;Aragón;Mir; Joan;Team SUZUKI ECSTAR;Suzuki;3;16;36;ES;167.2;00:55:39
2020;MotoGP;12;TER;Aragón;Espargaro; Pol;Red Bull KTM Factory Racing;KTM;4;13;44;ES;166.9;00:55:43
2020;MotoGP;12;TER;Aragón;Zarco; Johann;Esponsorama Racing;Ducati;5;11;5;FR;166.7;00:55:47
2020;MotoGP;12;TER;Aragón;Oliveira; Miguel;Red Bull KTM Tech 3;KTM;6;10;88;PT;166.7;00:55:51
2020;MotoGP;12;TER;Aragón;Viñales; Maverick;Monster Energy Yamaha MotoGP;Yamaha;7;9;12;ES;166.6;00:55:55
2020;MotoGP;12;TER;Aragón;Quartararo; Fabio;Petronas Yamaha SRT;Yamaha;8;8;20;FR;166.6;00:55:59
2020;MotoGP;12;TER;Aragón;Lecuona; Iker;Red Bull KTM Tech 3;KTM;9;7;27;ES;166.4;00:56:03
2020;MotoGP;12;TER;Aragón;Petrucci; Danilo;Ducati Team;Ducati;10;6;9;IT;166.3;00:56:07
2020;MotoGP;12;TER;Aragón;Crutchlow; Cal;LCR Honda CASTROL;Honda;11;5;35;GB;166.3;00:56:11
2020;MotoGP;12;TER;Aragón;Bradl; Stefan;Repsol Honda Team;Honda;12;4;6;DE;166.2;00:56:15
2020;MotoGP;12;TER;Aragón;Dovizioso; Andrea;Ducati Team;Ducati;13;3;4;IT;166.1;00:56:19
2020;MotoGP;12;TER;Aragón;Rabat; Tito;Esponsorama Racing;Ducati;14;2;53;ES;165.8;00:56:23
2020;MotoGP;12;TER;Aragón;Smith; Bradley;Aprilia Racing Team Gresini;Aprilia;15;1;38;GB;165.5;00:56:27
2020;MotoGP;12;TER;Aragón;Espargaro; Aleix;Aprilia Racing Team Gresini;Aprilia;-1;0;41;ES;166.6;00:56:31
2020;MotoGP;12;TER;Aragón;Marquez; Alex;Repsol Honda Team;Honda;-1;0;73;ES;167.3;00:56:35
2020;MotoGP;12;TER;Aragón;Bagnaia; Francesco;Pramac Racing;Ducati;-1;0;63;IT;152.9;00:56:39
2020;MotoGP;12;TER;Aragón;Nakagami; Takaaki;LCR Honda IDEMITSU;Honda;-4;0;30;JP;;00:56:43
2020;MotoGP;12;TER;Aragón;Miller; Jack;Pramac Racing;Ducati;-4;0;43;AU;;00:56:47
2020;MotoGP;12;TER;Aragón;Binder; Brad;Red Bull KTM Factory Racing;KTM;-4;0;33;ZA;;00:56:51
2020;MotoGP;13;EUR;Ricardo Tormo;Mir; Joan;Team SUZUKI ECSTAR;Suzuki;1;25;36;ES;155.8;00:56:55
2020;MotoGP;13;EUR;Ricardo Tormo;Rins; Alex;Team SUZUKI ECSTAR;Suzuki;2;20;42;ES;155.8;00:56:59
2020;MotoGP;13;EUR;Ricardo Tormo;Espargaro; Pol;Red Bull KTM Factory Racing;KTM;3;16;44;ES;155.8;00:57:03
2020;MotoGP;13;EUR;Ricardo Tormo;Nakagami; Takaaki;LCR Honda IDEMITSU;Honda;4;13;30;JP;155.7;00:57:07
2020;MotoGP;13;EUR;Ricardo Tormo;Oliveira; Miguel;Red Bull KTM Tech 3;KTM;5;11;88;PT;155.3;00:57:11
2020;MotoGP;13;EUR;Ricardo Tormo;Miller; Jack;Pramac Racing;Ducati;6;10;43;AU;155.3;00:57:15
2020;MotoGP;13;EUR;Ricardo Tormo;Binder; Brad;Red Bull KTM Factory Racing;KTM;7;9;33;ZA;155.2;00:57:19
2020;MotoGP;13;EUR;Ricardo Tormo;Dovizioso; Andrea;Ducati Team;Ducati;8;8;4;IT;155.2;00:57:23
2020;MotoGP;13;EUR;Ricardo Tormo;Zarco; Johann;Esponsorama Racing;Ducati;9;7;5;FR;155.1;00:57:27
2020;MotoGP;13;EUR;Ricardo Tormo;Petrucci; Danilo;Ducati Team;Ducati;10;6;9;IT;154.8;00:57:31
2020;MotoGP;13;EUR;Ricardo Tormo;Morbidelli; Franco;Petronas Yamaha SRT;Yamaha;11;5;21;IT;154.7;00:57:35
2020;MotoGP;13;EUR;Ricardo Tormo;Bradl; Stefan;Repsol Honda Team;Honda;12;4;6;DE;154.3;00:57:39
2020;MotoGP;13;EUR;Ricardo Tormo;Viñales; Maverick;Monster Energy Yamaha MotoGP;Yamaha;13;3;12;ES;154.3;00:57:43
2020;MotoGP;13;EUR;Ricardo Tormo;Quartararo; Fabio;Petronas Yamaha SRT;Yamaha;14;2;20;FR;153.4;00:57:47
2020;MotoGP;13;EUR;Ricardo Tormo;Savadori; Lorenzo;Aprilia Racing Team Gresini;Aprilia;-1;0;32;IT;145.6;00:57:51
2020;MotoGP;13;EUR;Ricardo Tormo;Marquez; Alex;Repsol Honda Team;Honda;-1;0;73;ES;155.1;00:57:55
2020;MotoGP;13;EUR;Ricardo Tormo;Rabat; Tito;Esponsorama Racing;Ducati;-1;0;53;ES;151.0;00:57:59
2020;MotoGP;13;EUR;Ricardo Tormo;Bagnaia; Francesco;Pramac Racing;Ducati;-1;0;63;IT;152.6;00:58:03
2020;MotoGP;13;EUR;Ricardo Tormo;Crutchlow; Cal;LCR Honda CASTROL;Honda;-1;0;35;GB;151.9;00:58:07
2020;MotoGP;13;EUR;Ricardo Tormo;Rossi; Valentino;Monster Energy Yamaha MotoGP;Yamaha;-1;0;46;IT;151.3;00:58:11
2020;MotoGP;13;EUR;Ricardo Tormo;Espargaro; Aleix;Aprilia Racing Team Gresini;Aprilia;-4;0;41;ES;;00:58:15
2020;MotoGP;14;VAL;Ricardo Tormo;Morbidelli; Franco;Petronas Yamaha SRT;Yamaha;1;25;21;IT;156.8;00:58:19
2020;MotoGP;14;VAL;Ricardo Tormo;Miller; Jack;Pramac Racing;Ducati;2;20;43;AU;156.8;00:58:23
2020;MotoGP;14;VAL;Ricardo Tormo;Espargaro; Pol;Red Bull KTM Factory Racing;KTM;3;16;44;ES;156.6;00:58:27
2020;MotoGP;14;VAL;Ricardo Tormo;Rins; Alex;Team SUZUKI ECSTAR;Suzuki;4;13;42;ES;156.5;00:58:31
2020;MotoGP;14;VAL;Ricardo Tormo;Binder; Brad;Red Bull KTM Factory Racing;KTM;5;11;33;ZA;156.5;00:58:35
2020;MotoGP;14;VAL;Ricardo Tormo;Oliveira; Miguel;Red Bull KTM Tech 3;KTM;6;10;88;PT;156.3;00:58:39
2020;MotoGP;14;VAL;Ricardo Tormo;Mir; Joan;Team SUZUKI ECSTAR;Suzuki;7;9;36;ES;156.2;00:58:43
2020;MotoGP;14;VAL;Ricardo Tormo;Dovizioso; Andrea;Ducati Team;Ducati;8;8;4;IT;156.2;00:58:47
2020;MotoGP;14;VAL;Ricardo Tormo;Espargaro; Aleix;Aprilia Racing Team Gresini;Aprilia;9;7;41;ES;155.8;00:58:51
2020;MotoGP;14;VAL;Ricardo Tormo;Viñales; Maverick;Monster Energy Yamaha MotoGP;Yamaha;10;6;12;ES;155.6;00:58:55
2020;MotoGP;14;VAL;Ricardo Tormo;Bagnaia; Francesco;Pramac Racing;Ducati;11;5;63;IT;155.5;00:58:59
2020;MotoGP;14;VAL;Ricardo Tormo;Rossi; Valentino;Monster Energy Yamaha MotoGP;Yamaha;12;4;46;IT;155.5;00:59:03
2020;MotoGP;14;VAL;Ricardo Tormo;Crutchlow; Cal;LCR Honda CASTROL;Honda;13;3;35;GB;155.3;00:59:07
2020;MotoGP;14;VAL;Ricardo Tormo;Bradl; Stefan;Repsol Honda Team;Honda;14;2;6;DE;155.0;00:59:11
2020;MotoGP;14;VAL;Ricardo Tormo;Petrucci; Danilo;Ducati Team;Ducati;15;1;9;IT;154.9;00:59:15
2020;MotoGP;14;VAL;Ricardo Tormo;Marquez; Alex;Repsol Honda Team;Honda;16;0;73;ES;154.9;00:59:19
2020;MotoGP;14;VAL;Ricardo Tormo;Rabat; Tito;Esponsorama Racing;Ducati;17;0;53;ES;154.1;00:59:23
2020;MotoGP;14;VAL;Ricardo Tormo;Savadori; Lorenzo;Aprilia Racing Team Gresini;Aprilia;18;0;32;IT;153.9;00:59:27
2020;MotoGP;14;VAL;Ricardo Tormo;Nakagami; Takaaki;LCR Honda IDEMITSU;Honda;-1;0;30;JP;156.6;00:59:31
2020;MotoGP;14;VAL;Ricardo Tormo;Quartararo; Fabio;Petronas Yamaha SRT;Yamaha;-1;0;20;FR;153.8;00:59:35
2020;MotoGP;14;VAL;Ricardo Tormo;Zarco; Johann;Esponsorama Racing;Ducati;-1;0;5;FR;154.7;00:59:39
2020;MotoGP;15;POR;Algarve;Oliveira; Miguel;Red Bull KTM Tech 3;KTM;1;25;88;PT;164.7;00:59:43
2020;MotoGP;15;POR;Algarve;Miller; Jack;Pramac Racing;Ducati;2;20;43;AU;164.5;00:59:47
2020;MotoGP;15;POR;Algarve;Morbidelli; Franco;Petronas Yamaha SRT;Yamaha;3;16;21;IT;164.5;00:59:51
2020;MotoGP;15;POR;Algarve;Espargaro; Pol;Red Bull KTM Factory Racing;KTM;4;13;44;ES;163.9;00:59:55
2020;MotoGP;15;POR;Algarve;Nakagami; Takaaki;LCR Honda IDEMITSU;Honda;5;11;30;JP;163.9;00:59:59
2020;MotoGP;15;POR;Algarve;Dovizioso; Andrea;Ducati Team;Ducati;6;10;4;IT;163.7;01:00:03
2020;MotoGP;15;POR;Algarve;Bradl; Stefan;Repsol Honda Team;Honda;7;9;6;DE;163.7;01:00:07
2020;MotoGP;15;POR;Algarve;Espargaro; Aleix;Aprilia Racing Team Gresini;Aprilia;8;8;41;ES;163.7;01:00:11
2020;MotoGP;15;POR;Algarve;Marquez; Alex;Repsol Honda Team;Honda;9;7;73;ES;163.5;01:00:15
2020;MotoGP;15;POR;Algarve;Zarco; Johann;Esponsorama Racing;Ducati;10;6;5;FR;163.5;01:00:19
2020;MotoGP;15;POR;Algarve;Viñales; Maverick;Monster Energy Yamaha MotoGP;Yamaha;11;5;12;ES;163.5;01:00:23
2020;MotoGP;15;POR;Algarve;Rossi; Valentino;Monster Energy Yamaha MotoGP;Yamaha;12;4;46;IT;163.5;01:00:27
2020;MotoGP;15;POR;Algarve;Crutchlow; Cal;LCR Honda CASTROL;Honda;13;3;35;GB;163.5;01:00:31
2020;MotoGP;15;POR;Algarve;Quartararo; Fabio;Petronas Yamaha SRT;Yamaha;14;2;20;FR;163.1;01:00:35
2020;MotoGP;15;POR;Algarve;Rins; Alex;Team SUZUKI ECSTAR;Suzuki;15;1;42;ES;162.9;01:00:39
2020;MotoGP;15;POR;Algarve;Petrucci; Danilo;Ducati Team;Ducati;16;0;9;IT;162.5;01:00:43
2020;MotoGP;15;POR;Algarve;Kallio; Mika;Red Bull KTM Tech 3;KTM;17;0;82;FI;161.6;01:00:47
2020;MotoGP;15;POR;Algarve;Rabat; Tito;Esponsorama Racing;Ducati;18;0;53;ES;161.6;01:00:51
2020;MotoGP;15;POR;Algarve;Savadori; Lorenzo;Aprilia Racing Team Gresini;Aprilia;-1;0;32;IT;162.6;01:00:55
2020;MotoGP;15;POR;Algarve;Mir; Joan;Team SUZUKI ECSTAR;Suzuki;-1;0;36;ES;161.3;01:00:59
2020;MotoGP;15;POR;Algarve;Binder; Brad;Red Bull KTM Factory Racing;KTM;-1;0;33;ZA;157.4;01:01:03
2020;MotoGP;15;POR;Algarve;Bagnaia; Francesco;Pramac Racing;Ducati;-4;0;63;IT;;01:01:07